<?xml version="1.0" encoding="UTF-8"?>
<project-private xmlns="http://www.netbeans.org/ns/project-private/1">
    <editor-bookmarks xmlns="http://www.netbeans.org/ns/editor-bookmarks/2" lastBookmarkId="0"/>
    <open-files xmlns="http://www.netbeans.org/ns/projectui-open-files/2">
        <group>
            <file>file:/C:/Users/kris/Desktop/TEC/III%20Semestre%202018/Analisis%20de%20Algoritmos/DronesAnalisis/PrograDrones/src/View/Menu.java</file>
            <file>file:/C:/Users/kris/Desktop/TEC/III%20Semestre%202018/Analisis%20de%20Algoritmos/DronesAnalisis/PrograDrones/src/Controller/ControllerEvent.java</file>
            <file>file:/C:/Users/kris/Desktop/TEC/III%20Semestre%202018/Analisis%20de%20Algoritmos/DronesAnalisis/PrograDrones/src/Model/Graph.java</file>
            <file>file:/C:/Users/kris/Desktop/TEC/III%20Semestre%202018/Analisis%20de%20Algoritmos/DronesAnalisis/PrograDrones/src/View/Event.java</file>
            <file>file:/C:/Users/kris/Desktop/TEC/III%20Semestre%202018/Analisis%20de%20Algoritmos/DronesAnalisis/PrograDrones/src/Controller/Main.java</file>
            <file>file:/C:/Users/kris/Desktop/TEC/III%20Semestre%202018/Analisis%20de%20Algoritmos/DronesAnalisis/PrograDrones/src/Model/BackTracking.java</file>
            <file>file:/C:/Users/kris/Desktop/TEC/III%20Semestre%202018/Analisis%20de%20Algoritmos/DronesAnalisis/PrograDrones/src/Model/Restriction.java</file>
            <file>file:/C:/Users/kris/Desktop/TEC/III%20Semestre%202018/Analisis%20de%20Algoritmos/DronesAnalisis/PrograDrones/src/Model/Path.java</file>
            <file>file:/C:/Users/kris/Desktop/TEC/III%20Semestre%202018/Analisis%20de%20Algoritmos/DronesAnalisis/PrograDrones/src/Model/Node.java</file>
            <file>file:/C:/Users/kris/Desktop/TEC/III%20Semestre%202018/Analisis%20de%20Algoritmos/DronesAnalisis/PrograDrones/src/Controller/ControllerSimulation.java</file>
            <file>file:/C:/Users/kris/Desktop/TEC/III%20Semestre%202018/Analisis%20de%20Algoritmos/DronesAnalisis/PrograDrones/src/Controller/ControllerMenu.java</file>
            <file>file:/C:/Users/kris/Desktop/TEC/III%20Semestre%202018/Analisis%20de%20Algoritmos/DronesAnalisis/PrograDrones/src/Model/GraphMethods.java</file>
            <file>file:/C:/Users/kris/Desktop/TEC/III%20Semestre%202018/Analisis%20de%20Algoritmos/DronesAnalisis/PrograDrones/src/View/Simulacion.java</file>
        </group>
    </open-files>
</project-private>
